-- This DBMS is for three care homes in North of England

-- DROPPING TABLES IN CASE THEY ALREADY EXIST
DROP TABLE NYR_PATIENT CASCADE CONSTRAINTS;

DROP TABLE NYR_ADMISSION CASCADE CONSTRAINTS;

DROP TABLE NYR_BED CASCADE CONSTRAINTS;

DROP TABLE NYR_WARD CASCADE CONSTRAINTS;

DROP TABLE NYR_CARE_CENTRE CASCADE CONSTRAINTS;

DROP TABLE NYR_STAFF CASCADE CONSTRAINTS;


-- CREATING TABLES FOR REST ASSURED PATIENT MANAGEMENT SYSTEM

CREATE TABLE NYR_PATIENT(
    patient_id NUMBER(5), 
    pat_firstname VARCHAR2(20) NOT NULL, 
    pat_lastname VARCHAR2(20) NOT NULL,
    pat_address VARCHAR2(100),
	pat_town VARCHAR2(30),
	pat_postcode VARCHAR2(10),
    pat_phone_no VARCHAR2(16) NOT NULL, 
    pat_email VARCHAR2(30),
    pat_dob DATE, 
    pat_gender VARCHAR2(10), 
    bloodgroup VARCHAR2(12) CHECK (bloodgroup in ( 'O positive','O negative','A positive','A negative','B positive','B negative','AB positive','AB negative')),
    genotype VARCHAR2(3) CHECK (UPPER(genotype) in ( 'AA','AS','AC','SS')),
	bp VARCHAR2(7),
	temperature NUMBER(4,2),
	pat_type VARCHAR2(11) CHECK (UPPER(pat_type) in ( 'IN-PATIENT','OUT-PATIENT','RES-PATIENT', ' ')),
	height NUMBER(3),
	weight NUMBER(3),
    CONSTRAINTS pk_patient_id2 PRIMARY KEY(patient_id)
    );



CREATE TABLE NYR_CARE_CENTRE (
    care_centre_id NUMBER(2),
    care_centre_name VARCHAR2(20) NOT NULL UNIQUE,
    address VARCHAR2(60) NOT NULL,
    town VARCHAR2(35) NOT NULL,
    email VARCHAR2(30) NOT NULL,
    phone VARCHAR2(15) NOT NULL UNIQUE,
    postcode VARCHAR2(10) NOT NULL,
    CONSTRAINTS pk_centre_id3 PRIMARY KEY (care_centre_id)
);

-- Care centre id FK here
CREATE TABLE NYR_WARD (
    ward_id NUMBER(2),
    ward_name VARCHAR2(20) CHECK (UPPER(ward_name) in ('GENERAL WARD','ICU','PEDIATRIC')),
    ward_capacity NUMBER(2) NOT NULL,
    care_centre_id NUMBER(2) NOT NULL,
	ward_type VARCHAR2(6) CHECK (UPPER(ward_type) in ('MALE','FEMALE','MIXED')),
	ward_status VARCHAR2(8) CHECK (UPPER(ward_status) in ('ACTIVE','INACTIVE')),
    CONSTRAINTS pk_ward_id3 PRIMARY KEY(ward_id)
    );


-- Ward id is FK here
CREATE TABLE NYR_BED (
    bed_id NUMBER(2), 
    bed_type VARCHAR2(25), 
    bed_status VARCHAR2(14) CHECK (UPPER(bed_status) IN ('OCCUPIED', 'NOT OCCUPIED', ' ')),
    ward_id NUMBER(2) NOT NULL,
	cost_per_day NUMBER(3),
    CONSTRAINTS pk_bed_id2 PRIMARY KEY (bed_id)
    );


CREATE TABLE NYR_STAFF (
    STAFF_id INT   PRIMARY KEY,
    STAFF_name VARCHAR(100)  NOT NULL,
     JOF_TITLE VARCHAR(20)  NOT NULL,
    contact VARCHAR(20)  UNIQUE,
    gender VARCHAR(10)  NOT NULL,
    NYR_Care_id INT  REFERENCES NYR_CARE_CENTRE(care_centre_id)
);

-- two FKs here, bed and patient
CREATE TABLE NYR_ADMISSION (
    admission_no NUMBER(5),
    admission_date DATE NOT NULL, 
    patient_id NUMBER(5) NOT NULL, 
    bed_id NUMBER(2) NOT NULL,
	admission_type VARCHAR2(9) CHECK (UPPER(admission_type) IN ('EMERGENCY', 'ELECTIVE', 'DAY CASE')),
	admission_status VARCHAR(10) CHECK(UPPER(admission_status) IN ('ACTIVE','DISCHARGED','CANCELLED')),
    CONSTRAINT pk_admission_no2 PRIMARY KEY (admission_no)
    );


-- ALTERING TABLES TO ADD FOREIGN KEYS 

ALTER TABLE NYR_WARD ADD CONSTRAINTS fk_WARD_to_CARE_CENTRE2 FOREIGN KEY(care_centre_id) REFERENCES NYR_CARE_CENTRE(care_centre_id);

ALTER TABLE NYR_BED ADD CONSTRAINTS fk_BED_to_WARD2 FOREIGN KEY(ward_id) REFERENCES NYR_WARD(ward_id);

ALTER TABLE NYR_ADMISSION ADD CONSTRAINTS fk_PATIENT_to_ADMISSION2 FOREIGN KEY(patient_id) REFERENCES NYR_PATIENT(patient_id);

ALTER TABLE NYR_ADMISSION ADD CONSTRAINTS fk_BED_to_ADMISSION2 FOREIGN KEY(bed_id) REFERENCES NYR_BED(bed_id);



--VALUES CARE CENTRE
INSERT INTO NYR_Care_Centre VALUES (1,'BEWAN CareHome','8 Leafield Drive, Pudsey','Bradford','BEWAN321@GMAIL.COM','(088)224-34125','BD4 0BN');
INSERT INTO NYR_Care_Centre VALUES (2,'ALTORN CareHome','59 Prince Of Wales Road', 'Sheffield','ALTORN212@GMAIL.COM','(012)326-31838','S1 1EE');
INSERT INTO NYR_Care_Centre VALUES (3,'WELLBEING CareHome','Meifod Isaf Cottage', 'WAKEFIELD','WELLBEING2023@GMAIL.COM','(088)224-341897','WF1 4DG');

INSERT INTO NYR_STAFF VALUES ('1', 'Dr. Ervin', 'Doctor', '7124543490', 'Male', 1);
INSERT INTO NYR_STAFF VALUES ('2', 'Dr. Jones', 'Doctor', '7124543491', 'Male', 2);
INSERT INTO NYR_STAFF VALUES ('3', 'Dr.  Sanchez', 'Doctor', '7124543492', 'Female',3);
INSERT INTO NYR_STAFF VALUES ('4', 'Taylor', 'Nurse', '7124543493', 'Female', 3);
INSERT INTO NYR_STAFF VALUES ('5', 'Ervin', 'Nurse', '7124543477', 'Male', 3);
INSERT INTO NYR_STAFF VALUES ('6', 'Jones', 'Nurse', '7124548877', 'Male', 2);
INSERT INTO NYR_STAFF VALUES ('7', 'Sanchez', 'Nurse', '7124549977', 'Female',1);

-- INSERT VALUES PATIENT
INSERT INTO NYR_PATIENT VALUES (1,'joy','ray','4 Church road', 'Bradford','BD8 3AG','(012)745-60713','joy@gmail.com','1/15/1950','Male','O positive','AA','90/60',37.1,'IN-PATIENT',71,176);
INSERT INTO NYR_PATIENT VALUES (2,'Esther','Solomon','11 Carrick Avenue', 'Bradford','BD19 4kG','(014)224-45113','solomon@gmail.com','5/20/1950','Female','O positive','AS','120/80',36.9,'IN-PATIENT',69,163);
INSERT INTO NYR_PATIENT VALUES (3,'Bola','Grace','4 wakefield road', 'Bradford','BD5 8KP','(014)224-45891','bola@gmail.com','5/20/1945','F','AB positive','SS','90/60',36.9,'IN-PATIENT',68,180);
INSERT INTO NYR_PATIENT VALUES (4,'Stone','Cold','1 Halley road', 'Leeds','LS5 8KP','(077)092-73266','stone@gmail.com','1/15/1940','Male','AB positive','AA','120/80',37.2,'',68,183);
INSERT INTO NYR_PATIENT VALUES (5,'Clara','Emily','5 Chads road', 'Leeds','LS3 5QP','(077)092-73265','joy@gmail.com','','Male','O positive','AA','140/90',37.0,'',71,174);
INSERT INTO NYR_PATIENT VALUES (6,'Akash','Gnit','9 bowley street', 'Leeds','LS5 9SG','(014)224-45113','gnitakash@gmail.com','10/20/1939','M','AB negative','AA','140/90',36.7,'IN-PATIENT',72,202);
INSERT INTO NYR_PATIENT VALUES (11,'Magaret','Queen','6 billy avenue', 'Leeds','LS1 3QW','(014)224-45125','mary@gmail.com','11/30/1935','Female','O positive','SS','90/60',37,'IN-PATIENT',73,181);
INSERT INTO NYR_PATIENT VALUES (7,'Smith','Turner','97 Whitcliffe Road, Cleckheaton', 'Bradford','BD19 3AG','(014)224-34125','SmithTurner@gmail.com','3/20/1940','Male','O positive','AA','90/60',37.9,'IN-PATIENT',71,176);
INSERT INTO NYR_PATIENT VALUES (8,'Johnson','Phillips','1 Black Edge Lane, Denholme', 'Bradford','BD13 4ET','(014)224-34126','JohnsonPhillips@gmail.com','1/15/1950','Male','O positive','AA','120/80',36.8,'IN-PATIENT',69,163);
INSERT INTO NYR_PATIENT VALUES (9,'Wilson','Parker','2 Greenfield Place','Glusburn','','(014)224-34127','WilsonParker@gmail.com','1/15/1935','Male','O positive','AS','140/90',36.8,'IN-PATIENT',68,180);
INSERT INTO NYR_PATIENT VALUES (10,'Moore','Edwards','36 Legrams Street', 'Bradford','BD7 1LH','(014)224-34128','MooreEdwards@gmail.com','1/15/1945','Male','O positive','AA','120/80',36.9,'IN-PATIENT',68,183);



--VALUES WARD (care centre fk)

INSERT INTO NYR_WARD VALUES (1, 'GENERAL WARD', 20, 1,'MIXED','ACTIVE');
INSERT INTO NYR_WARD VALUES (2, 'GENERAL WARD', 20, 2,'','ACTIVE');
INSERT INTO NYR_WARD VALUES (3, 'ICU',20, 3,'MALE','ACTIVE');


--VALUES BED ( ward fk here)
INSERT INTO NYR_BED VALUES (1,'MANUAL', 'OCCUPIED', 1, 10);
INSERT INTO NYR_BED VALUES (2,'MANUAL/not working', 'OCCUPIED', 2, 20);
INSERT INTO NYR_BED VALUES (3,'MANUAL', 'OCCUPIED', 3, 10);
INSERT INTO NYR_BED VALUES (4,'SEMI E LECTRIC', 'OCCUPIED', 3, 15);
INSERT INTO NYR_BED VALUES (5,'MANUAL', 'OCCUPIED', 1, 10);
INSERT INTO NYR_BED VALUES (6,'ELECTRIC', 'OCCUPIED', 2, 20);
INSERT INTO NYR_BED VALUES (7,'ELECTRIC', 'OCCUPIED', 3, 20);
INSERT INTO NYR_BED VALUES (8,'ELECTRIC', 'NOT OCCUPIED', 1, 10);
INSERT INTO NYR_BED VALUES (9,'ELECTRIC', 'NOT OCCUPIED', 2, 20);
INSERT INTO NYR_BED VALUES (10,'MANUAL', 'OCCUPIED', 1, 10);
INSERT INTO NYR_BED VALUES (11,'MANUAL', 'OCCUPIED', 1, 10);
INSERT INTO NYR_BED VALUES (12,'ELECTRIC', 'OCCUPIED', 2, 20);
INSERT INTO NYR_BED VALUES (13,'MANUAL', 'OCCUPIED', 3, 10);
INSERT INTO NYR_BED VALUES (14,'SEMI ELECTRIC', 'OCCUPIED', 3, 15);
INSERT INTO NYR_BED VALUES (15,'MANUAL', 'OCCUPIED', 1, 10);
INSERT INTO NYR_BED VALUES (16,'ELECTRIC', 'OCCUPIED', 2, 20);
INSERT INTO NYR_BED VALUES (17,'ELECTRIC', 'OCCUPIED', 3, 20);
INSERT INTO NYR_BED VALUES (18,'ELECTRIC', 'NOT OCCUPIED', 1, 10);
INSERT INTO NYR_BED VALUES (19,'ELECTRIC', 'NOT OCCUPIED', 2, 20);
INSERT INTO NYR_BED VALUES (20,'MANUAL', 'OCCUPIED', 1, 10);
INSERT INTO NYR_BED VALUES (21,'MANUAL', 'OCCUPIED', 1, 10);
INSERT INTO NYR_BED VALUES (22,'ELECTRIC', 'OCCUPIED', 2, 20);
INSERT INTO NYR_BED VALUES (23,'MANUAL', 'OCCUPIED', 3, 10);
INSERT INTO NYR_BED VALUES (24,'SEMI ELECTRIC', 'OCCUPIED', 3, 15);
INSERT INTO NYR_BED VALUES (25,'MANUAL', 'OCCUPIED', 1, 10);
INSERT INTO NYR_BED VALUES (26,'ELECTRIC', 'OCCUPIED', 2, 20);
INSERT INTO NYR_BED VALUES (27,'ELECTRIC', 'OCCUPIED', 3, 20);
INSERT INTO NYR_BED VALUES (28,'ELECTRIC', 'NOT OCCUPIED', 1, 10);
INSERT INTO NYR_BED VALUES (29,'ELECTRIC', 'NOT OCCUPIED', 2, 20);
INSERT INTO NYR_BED VALUES (30,'MANUAL', 'OCCUPIED', 1, 10);
INSERT INTO NYR_BED VALUES (31,'MANUAL', 'OCCUPIED', 1, 10);
INSERT INTO NYR_BED VALUES (32,'ELECTRIC', 'OCCUPIED', 2, 20);
INSERT INTO NYR_BED VALUES (33,'MANUAL', 'OCCUPIED', 3, 10);
INSERT INTO NYR_BED VALUES (34,'SEMI ELECTRIC', 'OCCUPIED', 3, 15);
INSERT INTO NYR_BED VALUES (35,'MANUAL', 'OCCUPIED', 1, 10);
INSERT INTO NYR_BED VALUES (36,'ELECTRIC', 'OCCUPIED', 2, 20);
INSERT INTO NYR_BED VALUES (37,'ELECTRIC', 'OCCUPIED', 3, 20);
INSERT INTO NYR_BED VALUES (38,'ELECTRIC', 'NOT OCCUPIED', 1, 10);
INSERT INTO NYR_BED VALUES (39,'ELECTRIC', 'NOT OCCUPIED', 2, 20);


-- ADMISSION (bed and patient fk here)
INSERT INTO NYR_ADMISSION VALUES (1,TO_DATE('03/25/2023 8:00:00 AM','mm/dd/yyyy hh:mi:ss AM'),1,1,'EMERGENCY','ACTIVE');
INSERT INTO NYR_ADMISSION VALUES (2,TO_DATE('04/13/2023 4:00:00 PM','mm/dd/yyyy hh:mi:ss PM'),2,2,'ELECTIVE','ACTIVE');
INSERT INTO NYR_ADMISSION VALUES (3,TO_DATE('03/22/2023 2:00:00 PM','mm/dd/yyyy hh:mi:ss PM'),3,4,'ELECTIVE','ACTIVE');
INSERT INTO NYR_ADMISSION VALUES (4,TO_DATE('01/05/2023 5:00:00 AM','mm/dd/yyyy hh:mi:ss AM'),4,3,'DAY CASE','CANCELLED');
INSERT INTO NYR_ADMISSION VALUES (5,TO_DATE('11/05/2022 1:00:00 PM','mm/dd/yyyy hh:mi:ss PM'),5,5,'DAY CASE','DISCHARGED');
INSERT INTO NYR_ADMISSION VALUES (6,TO_DATE('11/02/2023 10:00:00 AM','mm/dd/yyyy hh:mi:ss AM'),6,6,'EMERGENCY','ACTIVE');
INSERT INTO NYR_ADMISSION VALUES (7,TO_DATE('11/03/2023 6:00:00 PM','mm/dd/yyyy hh:mi:ss PM'),7,7,'ELECTIVE','');
INSERT INTO NYR_ADMISSION VALUES (8,TO_DATE('11/05/2022 1:00:00 PM','mm/dd/yyyy hh:mi:ss PM'),8,8,'ELECTIVE','DISCHARGED');
INSERT INTO NYR_ADMISSION VALUES (9,TO_DATE('01/01/2022 3:00:00 PM','mm/dd/yyyy hh:mi:ss PM'),9,9,'DAY CASE','DISCHARGED');
INSERT INTO NYR_ADMISSION VALUES (11,TO_DATE('03/25/2023 8:00:00 AM','mm/dd/yyyy hh:mi:ss AM'),1,1,'EMERGENCY','ACTIVE');
INSERT INTO NYR_ADMISSION VALUES (12,TO_DATE('04/13/2023 4:00:00 PM','mm/dd/yyyy hh:mi:ss PM'),2,2,'ELECTIVE','ACTIVE');
INSERT INTO NYR_ADMISSION VALUES (13,TO_DATE('03/22/2023 2:00:00 PM','mm/dd/yyyy hh:mi:ss PM'),3,4,'ELECTIVE','ACTIVE');
INSERT INTO NYR_ADMISSION VALUES (14,TO_DATE('01/05/2023 5:00:00 AM','mm/dd/yyyy hh:mi:ss AM'),4,3,'DAY CASE','CANCELLED');
INSERT INTO NYR_ADMISSION VALUES (15,TO_DATE('11/05/2022 1:00:00 PM','mm/dd/yyyy hh:mi:ss PM'),5,5,'DAY CASE','');
INSERT INTO NYR_ADMISSION VALUES (16,TO_DATE('11/02/2023 10:00:00 AM','mm/dd/yyyy hh:mi:ss AM'),6,6,'EMERGENCY','ACTIVE');
INSERT INTO NYR_ADMISSION VALUES (17,TO_DATE('11/03/2023 6:00:00 PM','mm/dd/yyyy hh:mi:ss PM'),7,7,'ELECTIVE','ACTIVE');
INSERT INTO NYR_ADMISSION VALUES (18,TO_DATE('11/05/2022 1:00:00 PM','mm/dd/yyyy hh:mi:ss PM'),8,8,'ELECTIVE','DISCHARGED');
INSERT INTO NYR_ADMISSION VALUES (19,TO_DATE('01/01/2022 3:00:00 PM','mm/dd/yyyy hh:mi:ss PM'),9,9,'DAY CASE','DISCHARGED');



select * from NYR_PATIENT;

select * from NYR_WARD;

select * from NYR_ADMISSION;
select * from NYR_BED;

select * from NYR_CARE_CENTRE;
select * from NYR_STAFF;


